{
    "name": {
        "text": "Ultimate"
    },

    "icon": {
        "type": "texture",
        "texture": "sps:textures/icons/sps.png"
    },

    "capsule_color": 5746431,

	"abilities": {
		"Ultimate 1": {
			"ability": "heroesexpansion:solar_energy"
		},
		"Ultimate 2": {
			"ability": "heroesexpansion:x_ray"
		},
		"Ultimate 3": {
			"ability": "lucraftcore:slowfall"
		},
		"Ultimate 4": {
			"ability": "heroesexpansion:spider_sense"
		},
		"Ultimate 5": {
            "ability": "lucraftcore:strength",
            "amount": 40,
            "operation": 0,
            "uuid": "ddc3f854-6818-11ee-971c-325096b39f47"
        },
		"Ultimate 6": {
			"ability": "lucraftcore:punch",
            "amount": 40,
            "operation": 0,
            "uuid": "ff2cd7b8-6818-11ee-ba2d-325096b39f47"
        },
		"Ultimate 7": {
			"ability": "heroesexpansion:kinetic_energy_absorption",
            "show_in_bar": true
        },
		"Ultimate 8": {
			"ability": "lucraftcore:health",
            "amount": 40,
            "operation": 0,
            "uuid": "5080a66c-6819-11ee-afa9-325096b39f47"
        },
		"Ultimate 9": {
            "ability": "lucraftcore:resistance",
            "amount": 40,
            "operation": 0,
            "uuid": "662000d0-6819-11ee-96d5-325096b39f47"
        },
		"Ultimate 10": {
			"ability": "lucraftcore:healing",
            "frequency": 20,
            "amount": 4,
            "uuid": "7bd8e4a0-6819-11ee-b9ec-325096b39f47"
		},
		"Ultimate 11": {
			"ability": "lucraftcore:water_breathing"
        },
        "Ultimate 12": {
			"ability": "lucraftcore:fire_resistance"
        },
		"Ultimate 13": {
			"ability": "lucraftcore:jump_boost",
			"amount": 1.5,
			"operation": 0,
			"uuid": "cfa780a0-6819-11ee-bb27-325096b39f47"
		},
		"Ultimate 14": {
            "ability": "lucraftcore:fall_resistance",
            "amount": 50,
            "operation": 0,
            "uuid": "c966f252-6819-11ee-8a33-325096b39f47"
        },
		"Ultimate 15": {
			"ability": "heroesexpansion:solar_energy"
		},
		"Ultimate 16": {
			"ability": "heroesexpansion:x_ray"
		},
		"Ultimate 17": {
			"ability": "heroesexpansion:spider_sense"
		},
		"Ultimate 18": {
			"ability": "lucraftcore:flight",
			"show_in_bar": true
		},
		"Ultimate 19": {
			"ability": "lucraftcore:invisibility",
			"show_in_bar": true
		},
		"Ultimate 20": {
			"ability": "heroesexpansion:god_mode",
			"show_in_bar": true
		}
		
	}
}